{"cameraMode":{"drawMode":0,"name":"Shaded","section":"Shading Mode"},"sceneLighting":true,"audioPlay":false,"sceneViewState":{"m_AlwaysRefresh":false,"showFog":true,"showSkybox":true,"showFlares":true,"showImageEffects":true,"showParticleSystems":true,"showVisualEffectGraphs":true,"m_FxEnabled":true},"in2DMode":false,"pivot":{"x":2.6768898963928224,"y":0.8625924587249756,"z":4.502161979675293},"rotation":{"x":-0.08416669815778732,"y":0.03197803348302841,"z":-0.002700184239074588,"w":-0.9959393739700317},"size":10.025968551635743,"orthographic":false}