{"cameraMode":{"drawMode":0,"name":"Shaded","section":"Shading Mode"},"sceneLighting":true,"audioPlay":false,"sceneViewState":{"m_AlwaysRefresh":false,"showFog":true,"showSkybox":true,"showFlares":true,"showImageEffects":true,"showParticleSystems":true,"showVisualEffectGraphs":true,"m_FxEnabled":true},"in2DMode":false,"pivot":{"x":21.178457260131837,"y":2.0216541290283205,"z":6.786931037902832},"rotation":{"x":-0.07365454733371735,"y":-0.048750169575214389,"z":0.003607178572565317,"w":-0.9960888028144836},"size":8.499999046325684,"orthographic":false}